navigation_ratio,noise_std_radps,max_required_overload_g,max_actual_overload_g,miss_distance_m,intercepted,flight_time_s,saturation_ratio
3.0,0.001,21.020646,20.0,2.853983,False,13.42,0.000745
3.0,0.0015,14.378152,14.378152,3.179361,False,13.42,0.0
3.0,0.003,27.348392,20.0,2.530146,False,13.42,0.000745
4.0,0.001,7.88017,7.88017,3.003997,False,13.42,0.0
4.0,0.0015,44.064359,20.0,3.108669,False,13.42,0.000745
4.0,0.003,106.960474,20.0,3.850074,False,13.42,0.000745
6.0,0.001,28.04303,20.0,0.661898,False,13.41,0.000745
6.0,0.0015,70.13976,20.0,0.740631,False,13.41,0.000745
6.0,0.003,31.964176,20.0,0.407206,False,13.41,0.000745
