case_name,missile_speed_mps,target_speed_mps,initial_range_m,initial_los_deg,max_required_overload_g,max_actual_overload_g,miss_distance_m,intercepted,flight_time_s,saturation_ratio
q0=0.0deg,408.0,272.0,5000.0,0.0,0.0,0.0,4.72,True,36.73,0.0
q0=30.0deg,408.0,272.0,5000.0,30.0,1.132031,1.132031,4.80017,True,34.76,0.0
q0=60.0deg,408.0,272.0,5000.0,60.0,2.159462,2.159462,4.728148,True,29.38,0.0
q0=90.0deg,408.0,272.0,5000.0,90.0,4.263017,4.263017,4.736336,True,22.03,0.0
q0=120.0deg,408.0,272.0,5000.0,120.0,11.220888,11.220888,4.744843,True,14.68,0.0
q0=150.0deg,408.0,272.0,5000.0,150.0,4197.623896,20.0,176.608818,False,8.54,0.139181
q0=170.0deg,408.0,272.0,5000.0,170.0,6686.640064,20.0,44.750998,False,7.5,0.063915
q0=175.0deg,408.0,272.0,5000.0,175.0,7922.681664,20.0,17.358962,False,7.4,0.039136
