target_normal_g,max_required_overload_g,max_actual_overload_g,miss_distance_m,intercepted,flight_time_s,saturation_ratio
0.0,3.314607,3.314607,1.464807,False,13.41,0.0
1.0,3.314607,3.314607,1.399574,False,13.14,0.0
2.0,3.314607,3.314607,1.168329,False,13.41,0.0
3.0,4.105169,4.105169,2.553739,False,14.47,0.0
4.0,4.808348,4.808348,1.390206,False,17.39,0.0
